<?xml version="1.0"?>
<!--
** DO NOT EDIT THIS FILE.
** If you make changes to this file while any VirtualBox related application
** is running, your changes will be overwritten later, without taking effect.
** Use VBoxManage or the VirtualBox Manager GUI to make changes.
-->
<VirtualBox xmlns="http://www.virtualbox.org/" version="1.12-windows">
  <Global>
    <ExtraData>
      <ExtraDataItem name="GUI/UpdateCheckCount" value="2"/>
      <ExtraDataItem name="GUI/UpdateDate" value="1 d, 2019-07-02, stable, 6.0.4"/>
      <ExtraDataItem name="HostOnly/VirtualBox Host-Only Ethernet Adapter #2/IPAddress" value="192.168.43.2"/>
      <ExtraDataItem name="HostOnly/VirtualBox Host-Only Ethernet Adapter #2/IPNetMask" value="255.255.255.0"/>
    </ExtraData>
    <MachineRegistry>
      <MachineEntry uuid="{e4f9aee3-6473-4ec7-8546-f717877af85a}" src="C:\Users\Ruslan\AppData\Local\Genymobile\Genymotion\deployed\Google Nexus 7\Google Nexus 7.vbox"/>
    </MachineRegistry>
    <MediaRegistry>
      <HardDisks>
        <HardDisk uuid="{a2a40652-d7a6-44e6-acfb-cc4244ae4fcf}" location="C:/Users/Ruslan/AppData/Local/Genymobile/Genymotion/deployed/Google Nexus 7/android_system_disk.vmdk" format="VMDK" type="Normal">
          <HardDisk uuid="{be3cd21b-1e8d-4098-9adc-7a58441dcdf5}" location="C:/Users/Ruslan/AppData/Local/Genymobile/Genymotion/deployed/Google Nexus 7/Snapshots/{be3cd21b-1e8d-4098-9adc-7a58441dcdf5}.vmdk" format="VMDK"/>
        </HardDisk>
        <HardDisk uuid="{f4b4719d-6d5c-4aba-ad6b-78dfa7257242}" location="C:/Users/Ruslan/AppData/Local/Genymobile/Genymotion/deployed/Google Nexus 7/android_data_disk.vmdk" format="VMDK" type="Normal">
          <HardDisk uuid="{5110e18f-d332-4e91-a7a2-ff294295d906}" location="C:/Users/Ruslan/AppData/Local/Genymobile/Genymotion/deployed/Google Nexus 7/Snapshots/{5110e18f-d332-4e91-a7a2-ff294295d906}.vmdk" format="VMDK"/>
        </HardDisk>
      </HardDisks>
    </MediaRegistry>
    <NetserviceRegistry>
      <DHCPServers>
        <DHCPServer networkName="HostInterfaceNetworking-VirtualBox Host-Only Ethernet Adapter" IPAddress="192.168.56.100" networkMask="255.255.255.0" lowerIP="192.168.56.101" upperIP="192.168.56.254" enabled="1"/>
        <DHCPServer networkName="HostInterfaceNetworking-VirtualBox Host-Only Ethernet Adapter #2" IPAddress="192.168.43.100" networkMask="255.255.255.0" lowerIP="192.168.43.101" upperIP="192.168.43.254" enabled="1"/>
      </DHCPServers>
    </NetserviceRegistry>
    <SystemProperties defaultMachineFolder="C:\Users\Ruslan\VirtualBox VMs" defaultHardDiskFormat="VDI" VRDEAuthLibrary="VBoxAuth" webServiceAuthLibrary="VBoxAuth" LogHistoryCount="3" proxyMode="0" exclusiveHwVirt="false"/>
    <USBDeviceFilters/>
  </Global>
</VirtualBox>
